code,description,start_date,last_modified,notes
M1,X-ray not taken within the past 12 months or near enough to the start of treatment.,01/01/1997,,
M10,Equipment purchases are limited to the first or the tenth month of medical necessity.,01/01/1997,,
M100,"We do not pay for an oral anti-emetic drug that is not administered for use immediately before, at, or within 48 hours of administration of a covered chemotherapy drug.",01/01/1997,,
M102,Service not performed on equipment approved by the FDA for this purpose.,01/01/1997,,
M103,"Information supplied supports a break in therapy. However, the medical information we have for this patient does not support the need for this item as billed. We have approved payment for this item at a reduced level, and a new capped rental period will begin with the delivery of this equipment.",01/01/1997,,
M104,Information supplied supports a break in therapy. A new capped rental period will begin with delivery of the equipment. This is the maximum approved under the fee schedule for this item or service.,01/01/1997,,
M105,"Information supplied does not support a break in therapy. The medical information we have for this patient does not support the need for this item as billed. We have approved payment for this item at a reduced level, and a new capped rental period will not begin.",01/01/1997,,
M107,Payment reduced as 90-day rolling average hematocrit for ESRD patient exceeded 36.5%.,01/01/1997,,
M109,We have provided you with a bundled payment for a teleconsultation. You must send 25 percent of the teleconsultation payment to the referring practitioner.,01/01/1997,,
M11,"DME, orthotics and prosthetics must be billed to the DME carrier who services the patient's zip code.",01/01/1997,,
M111,We do not pay for chiropractic manipulative treatment when the patient refuses to have an x-ray taken.,01/01/1997,,
M112,Reimbursement for this item is based on the single payment amount required under the DMEPOS Competitive Bidding Program for the area where the patient resides.,01/01/1997,11/05/2007,Modified 11/5/07
M113,Our records indicate that this patient began using this item/service prior to the current contract period for the DMEPOS Competitive Bidding Program.,01/01/1997,11/05/2007,Modified 11/5/07
M114,"This service was processed in accordance with rules and guidelines under the DMEPOS Competitive Bidding Program or a Demonstration Project. For more information regarding these projects, contact your local contractor.",01/01/1997,11/05/2007,"Modified 8/1/06, 11/5/07"
M115,This item is denied when provided to this patient by a non-contract or non-demonstration supplier.,01/01/1997,11/05/2007,Modified 11/5/2007
M116,Processed under a demonstration project or program. Project or program is ending and additional services may not be paid under this project or program.,01/01/1997,03/08/2011,"Modified 2/1/04, 3/15/11"
M117,Not covered unless submitted via electronic claim.,01/01/1997,06/30/2003,Modified 6/30/03
M119,Missing/incomplete/invalid/ deactivated/withdrawn National Drug Code (NDC).,01/01/1997,04/01/2007,"Modified 2/28/03, 4/1/04"
M12,Diagnostic tests performed by a physician must indicate whether purchased services are included on the claim.,01/01/1997,,
M121,We pay for this service only when performed with a covered cryosurgical ablation.,01/01/1997,,
M122,Missing/incomplete/invalid level of subluxation.,01/01/1997,02/28/2006,Modified 2/28/03
M123,"Missing/incomplete/invalid name, strength, or dosage of the drug furnished.",01/01/1997,02/28/2003,Modified 2/28/03
M124,Missing indication of whether the patient owns the equipment that requires the part or supply.,01/01/1997,02/28/2003,Modified 2/28/03
M125,Missing/incomplete/invalid information on the period of time for which the service/supply/equipment will be needed.,01/01/1997,02/28/2003,Modified 2/28/03
M126,Missing/incomplete/invalid individual lab codes included in the test.,01/01/1997,02/28/2003,Modified 2/28/03
M127,Missing patient medical record for this service.,01/01/1997,02/28/2003,Modified 2/28/03
M129,Missing/incomplete/invalid indicator of x-ray availability for review.,01/01/1997,06/30/2003,"Modified 2/28/03, 6/30/03"
M13,Only one initial visit is covered per specialty per medical group.,01/01/1997,06/30/2007,Modified 6/30/03
M130,"Missing invoice or statement certifying the actual cost of the lens, less discounts, and/or the type of intraocular lens used.",01/01/1997,02/28/2003,Modified 2/28/03
M131,Missing physician financial relationship form.,01/01/1997,02/28/2003,Modified 2/28/03
M132,Missing pacemaker registration form.,01/01/1997,02/28/2003,Modified 2/28/03
M133,Claim did not identify who performed the purchased diagnostic test or the amount you were charged for the test.,01/01/1997,,
M134,Performed by a facility/supplier in which the provider has a financial interest.,01/01/1997,06/30/2003,Modified 6/30/03
M135,Missing/incomplete/invalid plan of treatment.,01/01/1997,02/28/2003,Modified 2/28/03
M136,Missing/incomplete/invalid indication that the service was supervised or evaluated by a physician.,01/01/1997,02/28/2003,Modified 2/28/03
M137,Part B coinsurance under a demonstration project or pilot program.,01/01/1997,11/01/2012,Modified 11/1/12
M138,Patient identified as a demonstration participant but the patient was not enrolled in the demonstration at the time services were rendered. Coverage is limited to demonstration participants.,01/01/1997,,
M139,Denied services exceed the coverage limit for the demonstration.,01/01/1997,,
M14,"No separate payment for an injection administered during an office visit, and no payment for a full office visit if the patient only received an injection.",01/01/1997,,
M141,Missing physician certified plan of care.,01/01/1997,02/28/2003,Modified 2/28/03
M142,Missing American Diabetes Association Certificate of Recognition.,01/01/1997,02/28/2003,Modified 2/28/03
M143,The provider must update license information with the payer.,01/01/1997,12/01/2006,Modified 12/1/06
M144,Pre-/post-operative care payment is included in the allowance for the surgery/procedure.,01/01/1997,,
M15,Separately billed services/tests have been bundled as they are considered components of the same procedure. Separate payment is not allowed.,01/01/1997,,
M18,Certain services may be approved for home use. Neither a hospital nor a Skilled Nursing Facility (SNF) is considered to be a patient's home.,01/01/1997,06/30/2003,Modified 6/30/03
M19,Missing oxygen certification/re-certification.,01/01/1997,02/28/2003,Modified 2/28/03
M2,Not paid separately when the patient is an inpatient.,01/01/1997,,
M20,Missing/incomplete/invalid HCPCS.,01/01/1997,02/28/2003,Modified 2/28/03
M21,Missing/incomplete/invalid place of residence for this service/item provided in a home.,01/01/1997,02/28/2003,Modified 2/28/03
M22,Missing/incomplete/invalid number of miles traveled.,01/01/1997,02/28/2003,Modified 2/28/03
M23,Missing invoice.,01/01/1997,08/01/2005,Modified 8/1/05
M24,Missing/incomplete/invalid number of doses per vial.,01/01/1997,02/28/2003,Modified 2/28/03
M25,"The information furnished does not substantiate the need for this level of service. If you believe the service should have been fully covered as billed, or if you did not know and could not reasonably have been expected to know that we would not pay for this level of service, or if you notified the patient in writing in advance that we would not pay for this level of service and he/she agreed in writing to pay, ask us to review your claim within 120 days of the date of this notice. If you do not request an appeal, we will, upon application from the patient, reimburse him/her for the amount you have collected from him/her in excess of any deductible and coinsurance amounts. We will recover the reimbursement from you as an overpayment.",01/01/1997,11/01/2010,"Modified 10/1/02, 6/30/03, 8/1/05, 11/5/07, 11/1/10"
M26,"The information furnished does not substantiate the need for this level of service. If you have collected any amount from the patient for this level of service/any amount that exceeds the limiting charge for the less extensive service, the law requires you to refund that amount to the patient within 30 days of receiving this notice.",01/01/1997,11/05/2007,"Modified 10/1/02, 6/30/03, 8/1/05, 11/5/07. Also refer to N356"
M28,This does not qualify for payment under Part B when Part A coverage is exhausted or not otherwise available.,01/01/1997,,
M29,Missing operative note/report.,01/01/1997,07/01/2008,"Modified 2/28/03, 7/1/2008"
M3,Equipment is the same or similar to equipment already being used.,01/01/1997,,
M30,Missing pathology report.,01/01/1997,08/01/2004,"Modified 8/1/04, 2/28/03"
M31,Missing radiology report.,01/01/1997,08/01/2004,"Modified 8/1/04, 2/28/03"
M36,This is the 11th rental month. We cannot pay for this until you indicate that the patient has been given the option of changing the rental to a purchase.,01/01/1997,,
M37,Not covered when the patient is under age 35.,01/01/1997,03/08/2011,Modified 3/8/11
M40,Claim must be assigned and must be filed by the practitioner's employer.,01/01/1997,,
M41,We do not pay for this as the patient has no legal obligation to pay for this.,01/01/1997,,
M42,The medical necessity form must be personally signed by the attending physician.,01/01/1997,,
M44,Missing/incomplete/invalid condition code.,01/01/1997,02/28/2003,Modified 2/28/03
M45,Missing/incomplete/invalid occurrence code(s).,01/01/1997,12/02/2004,Modified 12/2/04
M46,Missing/incomplete/invalid occurrence span code(s).,01/01/1997,12/02/2004,Modified 12/2/04
M47,"Missing/incomplete/invalid Payer Claim Control Number. Other terms exist for this element including, but not limited to, Internal Control Number (ICN), Claim Control Number (CCN), Document Control Number (DCN).",01/01/1997,07/01/2015,"Modified 2/28/03, 7/1/15"
M49,Missing/incomplete/invalid value code(s) or amount(s).,01/01/1997,02/28/2003,Modified 2/28/03
M5,"Monthly rental payments can continue until the earlier of the 15th month from the first rental month, or the month when the equipment is no longer needed.",01/01/1997,,
M50,Missing/incomplete/invalid revenue code(s).,01/01/1997,02/28/2003,Modified 2/28/03
M51,Missing/incomplete/invalid procedure code(s).,01/01/1997,12/02/2004,Modified 12/2/04
M52,Missing/incomplete/invalid 'from' date(s) of service.,01/01/1997,02/28/2003,Modified 2/28/03
M53,Missing/incomplete/invalid days or units of service.,01/01/1997,02/28/2003,Modified 2/28/03
M54,Missing/incomplete/invalid total charges.,01/01/1997,02/28/2003,Modified 2/28/03
M55,We do not pay for self-administered anti-emetic drugs that are not administered with a covered oral anti-cancer drug.,01/01/1997,,
M56,Missing/incomplete/invalid payer identifier.,01/01/1997,02/28/2003,Modified 2/28/03
M59,Missing/incomplete/invalid 'to' date(s) of service.,01/01/1997,02/28/2003,Modified 2/28/03
M60,Missing Certificate of Medical Necessity.,01/01/1997,08/01/2004,"Modified 8/1/04, 6/30/03"
M61,We cannot pay for this as the approval period for the FDA clinical trial has expired.,01/01/1997,,
M62,Missing/incomplete/invalid treatment authorization code.,01/01/1997,02/28/2003,Modified 2/28/03
M64,Missing/incomplete/invalid other diagnosis.,01/01/1997,02/28/2003,Modified 2/28/03
M65,One interpreting physician charge can be submitted per claim when a purchased diagnostic test is indicated. Please submit a separate claim for each interpreting physician.,01/01/1997,,
M66,Our records indicate that you billed diagnostic tests subject to price limitations and the procedure code submitted includes a professional component. Only the technical component is subject to price limitations. Please submit the technical and professional components of this service as separate line items.,01/01/1997,,
M67,Missing/incomplete/invalid other procedure code(s).,01/01/1997,12/02/2004,Modified 12/2/04
M69,Paid at the regular rate as you did not submit documentation to justify the modified procedure code.,01/01/1997,02/01/2004,Modified 2/1/04
M7,"No rental payments after the item is purchased, returned or after the total of issued rental payments equals the purchase price.",01/01/1997,11/01/2016,Modified 11/1/2016
M71,Total payment reduced due to overlap of tests billed.,01/01/1997,,
M73,The HPSA/Physician Scarcity bonus can only be paid on the professional component of this service. Rebill as separate professional and technical components.,01/01/1997,08/01/2004,Modified 8/1/04
M74,This service does not qualify for a HPSA/Physician Scarcity bonus payment.,01/01/1997,12/02/2004,Modified 12/2/04
M75,Multiple automated multichannel tests performed on the same day combined for payment.,01/01/1997,11/05/2007,Modified 11/5/07
M76,Missing/incomplete/invalid diagnosis or condition.,01/01/1997,02/28/2003,Modified 2/28/03
M77,Missing/incomplete/invalid/inappropriate place of service.,01/01/1997,03/14/2014,"Modified 2/28/03, 3/1/2014, 3/14/2014"
M79,Missing/incomplete/invalid charge.,01/01/1997,02/28/2003,Modified 2/28/03
M8,We do not accept blood gas tests results when the test was conducted by a medical supplier or taken while the patient is on oxygen.,01/01/1997,,
M80,Not covered when performed during the same session/date as a previously processed service for the patient.,01/01/1997,10/31/2002,Modified 10/31/02
M81,You are required to code to the highest level of specificity.,01/01/1997,02/01/2004,Modified 2/1/04
M82,Service is not covered when patient is under age 50.,01/01/1997,,
M83,Service is not covered unless the patient is classified as at high risk.,01/01/1997,,
M84,Medical code sets used must be the codes in effect at the time of service.,01/01/1997,03/14/2014,"Modified 2/1/04, 3/14/2014"
M85,Subjected to review of physician evaluation and management services.,01/01/1997,,
M86,Service denied because payment already made for same/similar procedure within set time frame.,01/01/1997,06/30/2003,Modified 6/30/03
M87,Claim/service(s) subjected to CFO-CAP prepayment review.,01/01/1997,,
M89,Not covered more than once under age 40.,01/01/1997,,
M90,Not covered more than once in a 12 month period.,01/01/1997,,
M91,Lab procedures with different CLIA certification numbers must be billed on separate claims.,01/01/1997,,
M93,Information supplied supports a break in therapy. A new capped rental period began with delivery of this equipment.,01/01/1997,,
M94,Information supplied does not support a break in therapy. A new capped rental period will not begin.,01/01/1997,,
M95,Services subjected to Home Health Initiative medical review/cost report audit.,01/01/1997,,
M96,"The technical component of a service furnished to an inpatient may only be billed by that inpatient facility. You must contact the inpatient facility for technical component reimbursement. If not already billed, you should bill us for the professional component only.",01/01/1997,,
M97,Not paid to practitioner when provided to patient in this place of service. Payment included in the reimbursement issued the facility.,01/01/1997,,
M99,Missing/incomplete/invalid Universal Product Number/Serial Number.,01/01/1997,02/28/2003,Modified 2/28/03
MA04,Secondary payment cannot be considered without the identity of or payment information from the primary payer. The information was either not reported or was illegible.,01/01/1997,,
MA100,Missing/incomplete/invalid date of current illness or symptoms.,01/01/1997,03/14/2014,"Modified 2/28/03, 3/30/05, 3/14/2014"
MA103,Hemophilia Add On.,01/01/1997,,
MA106,PIP (Periodic Interim Payment) claim.,01/01/1997,06/30/2003,Modified 6/30/03
MA107,Paper claim contains more than three separate data items in field 19.,01/01/1997,,
MA108,Paper claim contains more than one data item in field 23.,01/01/1997,,
MA109,Claim processed in accordance with ambulatory surgical guidelines.,01/01/1997,,
MA110,Missing/incomplete/invalid information on whether the diagnostic test(s) were performed by an outside entity or if no purchased tests are included on the claim.,01/01/1997,02/28/2003,Modified 2/28/03
MA111,Missing/incomplete/invalid purchase price of the test(s) and/or the performing laboratory's name and address.,01/01/1997,02/28/2003,Modified 2/28/03
MA112,Missing/incomplete/invalid group practice information.,01/01/1997,02/28/2003,Modified 2/28/03
MA113,"Incomplete/invalid taxpayer identification number (TIN) submitted by you per the Internal Revenue Service. Your claims cannot be processed without your correct TIN, and you may not bill the patient pending correction of your TIN. There are no appeal rights for unprocessable claims, but you may resubmit this claim after you have notified this office of your correct TIN.",01/01/1997,,
MA114,Missing/incomplete/invalid information on where the services were furnished.,01/01/1997,02/28/2003,Modified 2/28/03
MA115,"Missing/incomplete/invalid physical location (name and address, or PIN) where the service(s) were rendered in a Health Professional Shortage Area (HPSA).",01/01/1997,02/28/2003,Modified 2/28/03
MA116,Did not complete the statement 'Homebound' on the claim to validate whether laboratory services were performed at home or in an institution.,01/01/1997,,Reactivated 4/1/04
MA117,This claim has been assessed a $1.00 user fee.,01/01/1997,,
MA12,You have not established that you have the right under the law to bill for services furnished by the person(s) that furnished this (these) service(s).,01/01/1997,,
MA120,Missing/incomplete/invalid CLIA certification number.,01/01/1997,02/28/2003,Modified 2/28/03
MA121,Missing/incomplete/invalid x-ray date.,01/01/1997,12/02/2004,Modified 12/2/04
MA122,Missing/incomplete/invalid initial treatment date.,01/01/1997,12/02/2004,Modified 12/2/04
MA123,"Your center was not selected to participate in this study, therefore, we cannot pay for these services.",01/01/1997,,
MA125,"Per legislation governing this program, payment constitutes payment in full.",01/01/1997,,
MA126,Pancreas transplant not covered unless kidney transplant performed.,10/12/2001,,
MA128,Missing/incomplete/invalid FDA approval number.,10/12/2001,03/30/2005,"Modified 2/28/03, 3/30/05"
MA130,"Your claim contains incomplete and/or invalid information, and no appeal rights are afforded because the claim is unprocessable. Please submit a new claim with the complete/correct information.",10/12/2001,,
MA131,Physician already paid for services in conjunction with this demonstration claim. You must have the physician withdraw that claim and refund the payment before we can process your claim.,10/12/2001,,
MA132,Adjustment to the pre-demonstration rate.,10/12/2001,,
MA133,Claim overlaps inpatient stay. Rebill only those services rendered outside the inpatient stay.,10/12/2001,,
MA134,Missing/incomplete/invalid provider number of the facility where the patient resides.,10/12/2001,,
MA16,"The patient is covered by the Black Lung Program. Send this claim to the Department of Labor, Federal Black Lung Program, P.O. Box 828, Lanham-Seabrook MD 20703.",01/01/1997,,
MA17,We are the primary payer and have paid at the primary rate. You must contact the patient's other insurer to refund any excess it may have paid due to its erroneous primary payment.,01/01/1997,,
MA20,Skilled Nursing Facility (SNF) stay not covered when care is primarily related to the use of an urethral catheter for convenience or the control of incontinence.,01/01/1997,06/30/2003,Modified 6/30/03
MA21,SSA records indicate mismatch with name and sex.,01/01/1997,,
MA22,Payment of less than $1.00 suppressed.,01/01/1997,,
MA23,Demand bill approved as result of medical review.,01/01/1997,,
MA24,Christian Science Sanitarium/ Skilled Nursing Facility (SNF) bill in the same benefit period.,01/01/1997,06/30/2003,Modified 6/30/03
MA25,A patient may not elect to change a hospice provider more than once in a benefit period.,01/01/1997,,
MA27,Missing/incomplete/invalid entitlement number or name shown on the claim.,01/01/1997,02/28/2003,Modified 2/28/03
MA30,Missing/incomplete/invalid type of bill.,01/01/1997,02/28/2003,Modified 2/28/03
MA31,Missing/incomplete/invalid beginning and ending dates of the period billed.,01/01/1997,02/28/2003,Modified 2/28/03
MA32,Missing/incomplete/invalid number of covered days during the billing period.,01/01/1997,02/28/2003,Modified 2/28/03
MA33,Missing/incomplete/invalid non-covered days during the billing period.,01/01/1997,03/01/2022,"Modified 2/28/03, 3/1/2022"
MA34,Missing/incomplete/invalid number of coinsurance days during the billing period.,01/01/1997,02/28/2003,Modified 2/28/03
MA35,Missing/incomplete/invalid number of lifetime reserve days.,01/01/1997,02/28/2003,Modified 2/28/03
MA36,Missing/incomplete/invalid patient name.,01/01/1997,02/28/2003,Modified 2/28/03
MA37,Missing/incomplete/invalid patient's address.,01/01/1997,02/28/2003,Modified 2/28/03
MA39,Missing/incomplete/invalid gender.,01/01/1997,02/28/2003,Modified 2/28/03
MA40,Missing/incomplete/invalid admission date.,01/01/1997,02/28/2003,Modified 2/28/03
MA41,Missing/incomplete/invalid admission type.,01/01/1997,02/28/2003,Modified 2/28/03
MA42,Missing/incomplete/invalid admission source.,01/01/1997,02/28/2003,Modified 2/28/03
MA43,Missing/incomplete/invalid patient status.,01/01/1997,02/28/2003,Modified 2/28/03
MA47,"Our records show you have opted out of Medicare, agreeing with the patient not to bill Medicare for services/tests/supplies furnished. As result, we cannot pay this claim. The patient is responsible for payment.",01/01/1997,,
MA48,Missing/incomplete/invalid name or address of responsible party or primary payer.,01/01/1997,02/28/2003,Modified 2/28/03
MA50,Missing/incomplete/invalid Investigational Device Exemption number or Clinical Trial number.,01/01/1997,03/01/2014,"Modified 2/28/03, 3/1/2014"
MA53,Missing/incomplete/invalid Competitive Bidding Demonstration Project identification.,01/01/1997,02/01/2004,Modified 2/1/04
MA54,Physician certification or election consent for hospice care not received timely.,01/01/1997,,
MA55,"Not covered as patient received medical health care services, automatically revoking his/her election to receive religious non-medical health care services.",01/01/1997,,
MA56,"Our records show you have opted out of Medicare, agreeing with the patient not to bill Medicare for services/tests/supplies furnished. As result, we cannot pay this claim. The patient is responsible for payment, but under Federal law, you cannot charge the patient more than the limiting charge amount.",01/01/1997,,
MA57,Patient submitted written request to revoke his/her election for religious non-medical health care services.,01/01/1997,,
MA58,Missing/incomplete/invalid release of information indicator.,01/01/1997,02/28/2003,Modified 2/28/03
MA60,Missing/incomplete/invalid patient relationship to insured.,01/01/1997,02/28/2003,Modified 2/28/03
MA61,Missing/incomplete/invalid social security number.,01/01/1997,03/01/2018,"Modified 2/28/03, 3/1/2018"
MA63,Missing/incomplete/invalid principal diagnosis.,01/01/1997,02/28/2003,Modified 2/28/03
MA64,Our records indicate that we should be the third payer for this claim. We cannot process this claim until we have received payment information from the primary and secondary payers.,01/01/1997,,
MA65,Missing/incomplete/invalid admitting diagnosis.,01/01/1997,02/28/2003,Modified 2/28/03
MA66,Missing/incomplete/invalid principal procedure code.,01/01/1997,12/02/2004,Modified 12/2/04
MA69,Missing/incomplete/invalid remarks.,01/01/1997,02/28/2003,Modified 2/28/03
MA70,Missing/incomplete/invalid provider representative signature.,01/01/1997,02/28/2003,Modified 2/28/03
MA71,Missing/incomplete/invalid provider representative signature date.,01/01/1997,02/28/2003,Modified 2/28/03
MA73,Informational remittance associated with a Medicare demonstration. No payment issued under fee-for-service Medicare as patient has elected managed care.,01/01/1997,,
MA75,Missing/incomplete/invalid patient or authorized representative signature.,01/01/1997,02/28/2003,Modified 2/28/03
MA76,Missing/incomplete/invalid provider identifier for home health agency or hospice when physician is performing care plan oversight services.,01/01/1997,02/28/2003,"Modified 2/28/03, 2/1/04"
MA79,Billed in excess of interim rate.,01/01/1997,,
MA80,Informational notice. No payment issued for this claim with this notice. Payment issued to the hospital by its intermediary for all services for this encounter under a demonstration project.,01/01/1997,,
MA81,Missing/incomplete/invalid provider/supplier signature.,01/01/1997,02/28/2003,Modified 2/28/03
MA83,Did not indicate whether we are the primary or secondary payer.,01/01/1997,08/01/2005,Modified 8/1/05
MA84,"Patient identified as participating in the National Emphysema Treatment Trial but our records indicate that this patient is either not a participant, or has not yet been approved for this phase of the study. Contact Johns Hopkins University, the study coordinator, to resolve if there was a discrepancy.",01/01/1997,,
MA88,Missing/incomplete/invalid insured's address and/or telephone number for the primary payer.,01/01/1997,02/28/2003,Modified 2/28/03
MA89,Missing/incomplete/invalid patient's relationship to the insured for the primary payer.,01/01/1997,02/28/2003,Modified 2/28/03
MA90,Missing/incomplete/invalid employment status code for the primary insured.,01/01/1997,02/28/2003,Modified 2/28/03
MA92,Missing plan information for other insurance.,01/01/1997,02/01/2004,Modified 2/1/04
MA93,Non-PIP (Periodic Interim Payment) claim.,01/01/1997,06/30/2003,Modified 6/30/03
MA94,Did not enter the statement 'Attending physician not hospice employee' on the claim form to certify that the rendering physician is not an employee of the hospice.,01/01/1997,08/01/2005,"Reactivated 4/1/04, Modified 8/1/05"
MA96,Claim rejected. Coded as a Medicare Managed Care Demonstration but patient is not enrolled in a Medicare managed care plan.,01/01/1997,,
MA97,Missing/incomplete/invalid Medicare Managed Care Demonstration contract number or clinical trial registry number.,01/01/1997,02/29/2008,Modified 2/29/08
MA99,Missing/incomplete/invalid Medigap information.,01/01/1997,02/28/2003,Modified 2/28/03
N10,Adjustment based on the findings of a review organization/professional consult/manual adjudication/medical advisor/dental advisor/peer review.,01/01/2000,03/01/2015,"Modified 10/31/02, 7/1/08, 7/15/13, 3/1/2015"
N103,"Records indicate this patient was a prisoner or in custody of a Federal, State, or local authority when the service was rendered. This payer does not cover items and services furnished to an individual while he or she is in custody under a penal statute or rule, unless under State or local law, the individual is personally liable for the cost of his or her health care while in custody and the State or local government pursues the collection of such debt in the same way and with the same vigor as the collection of its other debts. The provider can collect from the Federal/State/ Local Authority as appropriate.",10/31/2001,11/01/2013,"Modified 6/30/03, 7/1/12, 11/1/13"
N104,This claim/service is not payable under our claims jurisdiction area. You can identify the correct Medicare contractor to process this claim/service through the CMS website at www.cms.gov.,01/29/2002,07/01/2010,"Modified 10/31/02, 7/1/10"
N105,"This is a misdirected claim/service for an RRB beneficiary. Submit paper claims to the RRB carrier: Palmetto GBA, P.O. Box 10066, Augusta, GA 30999. Call 888-355-9165 for RRB EDI information for electronic claims processing.",01/29/2002,07/01/2017,Modified 7/1/2017
N106,Payment for services furnished to Skilled Nursing Facility (SNF) inpatients (except for excluded services) can only be made to the SNF. You must request payment from the SNF rather than the patient for this service.,01/31/2002,,
N107,Services furnished to Skilled Nursing Facility (SNF) inpatients must be billed on the inpatient claim. They cannot be billed separately as outpatient services.,01/31/2002,,
N108,Missing/incomplete/invalid upgrade information.,01/31/2002,02/28/2003,Modified 2/28/03
N11,Denial reversed because of medical review.,01/01/2000,,
N110,This facility is not certified for film mammography.,02/28/2002,,
N111,No appeal right except duplicate claim/service issue. This service was included in a claim that has been previously billed and adjudicated.,02/28/2002,,
N112,This claim is excluded from your electronic remittance advice.,02/28/2002,,
N113,"Only one initial visit is covered per physician, group practice or provider.",04/16/2002,06/30/2003,Modified 6/30/03
N114,"During the transition to the Ambulance Fee Schedule, payment is based on the lesser of a blended amount calculated using a percentage of the reasonable charge/cost and fee schedule amounts, or the submitted charge for the service. You will be notified yearly what the percentages for the blended payment calculation will be.",05/30/2002,,
N115,"This decision was based on a Local Coverage Determination (LCD). An LCD provides a guide to assist in determining whether a particular item or service is covered. A copy of this policy is available at www.cms.gov/mcd, or if you do not have web access, you may contact the contractor to request a copy of the LCD.",05/30/2002,07/01/2010,"Modified 4/1/04, 7/1/10"
N117,This service is paid only once in a patient's lifetime.,07/30/2002,06/30/2003,Modified 6/30/03
N118,This service is not paid if billed more than once every 28 days.,07/30/2002,,
N119,"This service is not paid if billed once every 28 days, and the patient has spent 5 or more consecutive days in any inpatient or Skilled /nursing Facility (SNF) within those 28 days.",07/30/2002,06/30/2003,Modified 6/30/03
N12,"Policy provides coverage supplemental to Medicare. As the member does not appear to be enrolled in the applicable part of Medicare, the member is responsible for payment of the portion of the charge that would have been covered by Medicare.",01/01/2000,08/01/2007,Modified 8/1/07
N120,Payment is subject to home health prospective payment system partial episode payment adjustment. Patient was transferred/discharged/readmitted during payment episode.,08/09/2002,06/30/2003,Modified 6/30/03
N121,Medicare Part B does not pay for items or services provided by this type of practitioner for beneficiaries in a Medicare Part A covered Skilled Nursing Facility (SNF) stay.,09/09/2002,08/01/2004,"Modified 8/1/04, 6/30/03"
N122,Add-on code cannot be billed by itself.,09/12/2002,08/01/2005,Modified 8/1/05
N124,"Payment has been denied for the/made only for a less extensive service/item because the information furnished does not substantiate the need for the (more extensive) service/item. The patient is liable for the charges for this service/item as you informed the patient in writing before the service/item was furnished that we would not pay for it, and the patient agreed to pay.",09/26/2002,,
N125,"Payment has been (denied for the/made only for a less extensive) service/item because the information furnished does not substantiate the need for the (more extensive) service/item. If you have collected any amount from the patient, you must refund that amount to the patient within 30 days of receiving this notice.",09/26/2002,08/01/2005,Modified 8/1/05. Also refer to N356
N126,Social Security Records indicate that this individual has been deported. This payer does not cover items and services furnished to individuals who have been deported.,10/17/2002,,
N127,This is a misdirected claim/service for a United Mine Workers of America (UMWA) beneficiary. Please submit claims to them.,10/31/2007,08/01/2004,
N128,This amount represents the prior to coverage portion of the allowance.,10/31/2002,,
N129,Not eligible due to the patient's age.,10/31/2002,08/01/2007,Modified 8/1/07
N13,Payment based on professional/technical component modifier(s).,01/01/2000,,
N130,Consult plan benefit documents/guidelines for information about restrictions for this service.,10/31/2002,11/01/2009,"Modified 4/1/07, 7/1/08, 11/1/09"
N131,Total payments under multiple contracts cannot exceed the allowance for this service.,10/31/2002,,
N135,Record fees are the patient's responsibility and limited to the specified co-payment.,10/31/2002,,
N141,The patient was not residing in a long-term care facility during all or part of the service dates billed.,10/31/2002,,
N142,"The original claim was denied. Resubmit a new claim, not a replacement claim.",10/31/2002,,
N143,The patient was not in a hospice program during all or part of the service dates billed.,10/31/2002,,
N144,The rate changed during the dates of service billed.,10/31/2002,,
N146,Missing screening document.,10/31/2002,08/01/2004,Modified 8/1/04
N147,"Long term care case mix or per diem rate cannot be determined because the patient ID number is missing, incomplete, or invalid on the assignment request.",10/31/2002,,
N148,Missing/incomplete/invalid date of last menstrual period.,10/31/2002,,
N149,Rebill all applicable services on a single claim.,10/31/2002,,
N15,Services for a newborn must be billed separately.,01/01/2000,,
N150,Missing/incomplete/invalid model number.,10/31/2002,,
N151,Telephone contact services will not be paid until the face-to-face contact requirement has been met.,10/31/2002,,
N152,Missing/incomplete/invalid replacement claim information.,10/31/2002,,
N153,Missing/incomplete/invalid room and board rate.,10/31/2002,,
N157,Transportation to/from this destination is not covered.,02/28/2003,02/01/2004,Modified 2/1/04
N158,Transportation in a vehicle other than an ambulance is not covered.,02/28/2003,,
N159,Payment denied/reduced because mileage is not covered when the patient is not in the ambulance.,02/28/2003,,
N16,Family/member Out-of-Pocket maximum has been met. Payment based on a higher percentage.,01/01/2000,,
N160,The patient must choose an option before a payment can be made for this procedure/ equipment/ supply/ service.,02/28/2003,02/01/2004,Modified 2/1/04
N161,This drug/service/supply is covered only when the associated service is covered.,02/28/2003,,
N163,Medical record does not support code billed per the code definition.,02/28/2003,,
N167,Charges exceed the post-transplant coverage limit.,02/28/2003,,
N170,A new/revised/renewed certificate of medical necessity is needed.,02/28/2003,,
N171,Payment for repair or replacement is not covered or has exceeded the purchase price.,02/28/2003,,
N172,The patient is not liable for the denied/adjusted charge(s) for receiving any updated service/item.,02/28/2003,,
N173,No qualifying hospital stay dates were provided for this episode of care.,02/28/2003,,
N174,"This is not a covered service/procedure/ equipment/bed, however patient liability is limited to amounts shown in the adjustments under group 'PR'.",02/28/2003,,
N175,Missing review organization approval.,02/28/2003,02/29/2008,"Modified 8/1/04, 2/29/08"
N176,"Services provided aboard a ship are covered only when the ship is of United States registry and is in United States waters. In addition, a doctor licensed to practice in the United States must provide the service.",02/28/2003,,
N178,Missing pre-operative images/visual field results.,02/28/2003,11/01/2013,"Modified 8/1/04, 11/1/13"
N179,Additional information has been requested from the member. The charges will be reconsidered upon receipt of that information.,02/28/2003,,
N180,This item or service does not meet the criteria for the category under which it was billed.,02/28/2003,,
N181,Additional information is required from another provider involved in this service.,02/28/2003,12/01/2006,Modified 12/1/06
N182,This claim/service must be billed according to the schedule for this plan.,02/28/2003,,
N184,Rebill technical and professional components separately.,02/28/2003,,
N186,Non-Availability Statement (NAS) required for this service. Contact the nearest Military Treatment Facility (MTF) for assistance.,02/28/2003,,
N188,The approved level of care does not match the procedure code submitted.,02/28/2003,,
N19,Procedure code incidental to primary procedure.,01/01/2000,,
N190,Missing contract indicator.,02/28/2003,08/01/2004,Modified 8/1/04
N191,The provider must update insurance information directly with payer.,02/28/2003,,
N194,Technical component not paid if provider does not own the equipment used.,02/25/2003,,
N195,The technical component must be billed separately.,02/25/2003,,
N197,The subscriber must update insurance information directly with payer.,02/25/2003,,
N198,Rendering provider must be affiliated with the pay-to provider.,02/25/2003,,
N199,Additional payment/recoupment approved based on payer-initiated review/audit.,02/25/2003,08/01/2006,Modified 8/1/06
N2,This allowance has been made in accordance with the most appropriate course of treatment provision of the plan.,01/01/2000,,
N20,Service not payable with other service rendered on the same date.,01/01/2000,,
N200,The professional component must be billed separately.,02/25/2003,,
N203,Missing/incomplete/invalid anesthesia time/units.,06/30/2003,03/14/2014,Modified 3/14/2014
N204,Services under review for possible pre-existing condition. Send medical records for prior 12 months,06/30/2003,,
N205,Information provided was illegible.,06/30/2003,03/14/2014,Modified 3/14/2014
N206,The supporting documentation does not match the information sent on the claim.,06/30/2003,03/06/2012,Modified 3/6/12
N207,Missing/incomplete/invalid weight.,06/30/2003,11/18/2005,Modified 11/18/05
N208,Missing/incomplete/invalid DRG code.,06/30/2003,03/14/2014,Modified 3/14/2014
N209,Missing/incomplete/invalid taxpayer identification number (TIN).,06/30/2003,07/01/2008,Modified 7/1/08
N212,Charges processed under a Point of Service benefit.,02/01/2004,03/14/2014,Modified 3/14/2014
N213,Missing/incomplete/invalid facility/discrete unit DRG/DRG exempt status information.,04/01/2004,03/14/2014,Modified 3/14/2014
N214,Missing/incomplete/invalid history of the related initial surgical procedure(s).,04/01/2004,03/14/2014,Modified 3/14/2014
N216,We do not offer coverage for this type of service or the patient is not enrolled in this portion of our benefit package.,04/01/2004,03/14/2014,"Modified 3/1/2010, 3/14/2014"
N217,We pay only one site of service per provider per claim.,08/01/2004,03/14/2014,Modified 3/14/2014
N218,You must furnish and service this item for as long as the patient continues to need it. We can pay for maintenance and/or servicing for the time period specified in the contract or coverage manual.,08/01/2004,,
N219,Payment based on previous payer's allowed amount.,08/01/2004,,
N221,Missing Admitting History and Physical report.,08/01/2004,,
N222,Incomplete/invalid Admitting History and Physical report.,08/01/2004,,
N223,Missing documentation of benefit to the patient during initial treatment period.,08/01/2004,,
N224,Incomplete/invalid documentation of benefit to the patient during initial treatment period.,08/01/2004,,
N226,Incomplete/invalid American Diabetes Association Certificate of Recognition.,08/01/2004,,
N227,Incomplete/invalid Certificate of Medical Necessity.,08/01/2004,,
N228,Incomplete/invalid consent form.,08/01/2004,,
N229,Incomplete/invalid contract indicator.,08/01/2004,,
N230,Incomplete/invalid indication of whether the patient owns the equipment that requires the part or supply.,08/01/2004,,
N231,"Incomplete/invalid invoice or statement certifying the actual cost of the lens, less discounts, and/or the type of intraocular lens used.",08/01/2004,,
N232,Incomplete/invalid itemized bill/statement.,08/01/2004,07/01/2008,Modified 7/1/08
N233,Incomplete/invalid operative note/report.,08/01/2004,07/01/2008,Modified 7/1/08
N234,Incomplete/invalid oxygen certification/re-certification.,08/01/2004,,
N235,Incomplete/invalid pacemaker registration form.,08/01/2004,,
N236,Incomplete/invalid pathology report.,08/01/2004,,
N237,Incomplete/invalid patient medical record for this service.,08/01/2004,,
N238,Incomplete/invalid physician certified plan of care.,08/01/2004,03/14/2014,Modified 3/14/2014
N239,Incomplete/invalid physician financial relationship form.,08/01/2004,,
N24,Missing/incomplete/invalid Electronic Funds Transfer (EFT) banking information.,01/01/2000,02/28/2003,Modified 2/28/03
N240,Incomplete/invalid radiology report.,08/01/2004,,
N241,Incomplete/invalid review organization approval.,08/01/2004,02/29/2008,Modified 2/29/08
N242,Incomplete/invalid radiology film(s)/image(s).,08/01/2004,07/01/2008,Modified 7/1/08
N243,Incomplete/invalid/not approved screening document.,08/01/2004,,
N244,Incomplete/Invalid pre-operative images/visual field results.,08/01/2004,11/01/2013,Modified 11/1/2013
N245,Incomplete/invalid plan information for other insurance.,08/01/2004,03/14/2014,Modified 3/14/2014
N246,State regulated patient payment limitations apply to this service.,12/02/2004,,
N247,Missing/incomplete/invalid assistant surgeon taxonomy.,12/02/2004,,
N248,Missing/incomplete/invalid assistant surgeon name.,12/02/2004,,
N249,Missing/incomplete/invalid assistant surgeon primary identifier.,12/02/2004,,
N25,This company has been contracted by your benefit plan to provide administrative claims payment services only. This company does not assume financial risk or obligation with respect to claims processed on behalf of your benefit plan.,01/01/2000,,
N250,Missing/incomplete/invalid assistant surgeon secondary identifier.,12/02/2004,,
N251,Missing/incomplete/invalid attending provider taxonomy.,12/02/2004,,
N252,Missing/incomplete/invalid attending provider name.,12/02/2004,,
N253,Missing/incomplete/invalid attending provider primary identifier.,12/02/2004,,
N254,Missing/incomplete/invalid attending provider secondary identifier.,12/02/2004,,
N255,Missing/incomplete/invalid billing provider taxonomy.,12/02/2004,,
N256,Missing/incomplete/invalid billing provider/supplier name.,12/02/2004,,
N257,Missing/incomplete/invalid billing provider/supplier primary identifier.,12/02/2004,,
N258,Missing/incomplete/invalid billing provider/supplier address.,12/02/2004,,
N259,Missing/incomplete/invalid billing provider/supplier secondary identifier.,12/02/2004,,
N26,Missing itemized bill/statement.,01/01/2000,07/01/2008,"Modified 2/28/03, 7/1/2008"
N260,Missing/incomplete/invalid billing provider/supplier contact information.,12/02/2004,,
N261,Missing/incomplete/invalid operating provider name.,12/02/2004,,
N262,Missing/incomplete/invalid operating provider primary identifier.,12/02/2004,,
N263,Missing/incomplete/invalid operating provider secondary identifier.,12/02/2004,,
N264,Missing/incomplete/invalid ordering provider name.,12/02/2004,,
N265,Missing/incomplete/invalid ordering provider primary identifier.,12/02/2004,,
N266,Missing/incomplete/invalid ordering provider address.,12/02/2004,,
N267,Missing/incomplete/invalid ordering provider secondary identifier.,12/02/2004,,
N268,Missing/incomplete/invalid ordering provider contact information.,12/02/2004,,
N269,Missing/incomplete/invalid other provider name.,12/02/2004,,
N27,Missing/incomplete/invalid treatment number.,01/01/2000,02/28/2003,Modified 2/28/03
N270,Missing/incomplete/invalid other provider primary identifier.,12/02/2004,,
N271,Missing/incomplete/invalid other provider secondary identifier.,12/02/2004,,
N272,Missing/incomplete/invalid other payer attending provider identifier.,12/02/2004,,
N273,Missing/incomplete/invalid other payer operating provider identifier.,12/02/2004,,
N274,Missing/incomplete/invalid other payer other provider identifier.,12/02/2004,,
N275,Missing/incomplete/invalid other payer purchased service provider identifier.,12/02/2004,,
N276,Missing/incomplete/invalid other payer referring provider identifier.,12/02/2004,,
N277,Missing/incomplete/invalid other payer rendering provider identifier.,12/02/2004,,
N278,Missing/incomplete/invalid other payer service facility provider identifier.,12/02/2004,,
N279,Missing/incomplete/invalid pay-to provider name.,12/02/2004,,
N28,Consent form requirements not fulfilled.,01/01/2000,,
N280,Missing/incomplete/invalid pay-to provider primary identifier.,12/02/2004,,
N281,Missing/incomplete/invalid pay-to provider address.,12/02/2004,,
N282,Missing/incomplete/invalid pay-to provider secondary identifier.,12/02/2004,,
N283,Missing/incomplete/invalid purchased service provider identifier.,12/02/2004,,
N284,Missing/incomplete/invalid referring provider taxonomy.,12/02/2004,,
N285,Missing/incomplete/invalid referring provider name.,12/02/2004,,
N286,Missing/incomplete/invalid referring provider primary identifier.,12/02/2004,,
N287,Missing/incomplete/invalid referring provider secondary identifier.,12/02/2004,,
N288,Missing/incomplete/invalid rendering provider taxonomy.,12/02/2004,,
N289,Missing/incomplete/invalid rendering provider name.,12/02/2004,,
N290,Missing/incomplete/invalid rendering provider primary identifier.,12/02/2004,,
N291,Missing/incomplete/invalid rendering provider secondary identifier.,12/02/2004,11/01/2010,
N292,Missing/incomplete/invalid service facility name.,12/02/2004,,
N293,Missing/incomplete/invalid service facility primary identifier.,12/02/2004,,
N294,Missing/incomplete/invalid service facility primary address.,12/02/2004,,
N295,Missing/incomplete/invalid service facility secondary identifier.,12/02/2004,,
N296,Missing/incomplete/invalid supervising provider name.,12/02/2004,,
N297,Missing/incomplete/invalid supervising provider primary identifier.,12/02/2004,,
N298,Missing/incomplete/invalid supervising provider secondary identifier.,12/02/2004,,
N299,Missing/incomplete/invalid occurrence date(s).,12/02/2004,,
N3,Missing consent form.,01/01/2000,02/28/2003,Modified 2/28/03
N30,Patient ineligible for this service.,01/01/2000,06/30/2003,Modified 6/30/03
N300,Missing/incomplete/invalid occurrence span date(s).,12/02/2004,,
N301,Missing/incomplete/invalid procedure date(s).,12/02/2004,,
N302,Missing/incomplete/invalid other procedure date(s).,12/02/2004,,
N303,Missing/incomplete/invalid principal procedure date.,12/02/2004,,
N304,Missing/incomplete/invalid dispensed date.,12/02/2004,,
N305,Missing/incomplete/invalid injury/accident date.,12/02/2004,11/01/2016,Modified 11/1/2016
N306,Missing/incomplete/invalid acute manifestation date.,12/02/2004,,
N307,Missing/incomplete/invalid adjudication or payment date.,12/02/2004,,
N308,Missing/incomplete/invalid appliance placement date.,12/02/2004,,
N309,Missing/incomplete/invalid assessment date.,12/02/2004,,
N31,Missing/incomplete/invalid prescribing provider identifier.,01/01/2000,12/02/2004,Modified 12/2/04
N310,Missing/incomplete/invalid assumed or relinquished care date.,12/02/2004,,
N311,Missing/incomplete/invalid authorized to return to work date.,12/02/2004,,
N312,Missing/incomplete/invalid begin therapy date.,12/02/2004,,
N313,Missing/incomplete/invalid certification revision date.,12/02/2004,,
N314,Missing/incomplete/invalid diagnosis date.,12/02/2004,,
N315,Missing/incomplete/invalid disability from date.,12/02/2004,,
N316,Missing/incomplete/invalid disability to date.,12/02/2004,,
N317,Missing/incomplete/invalid discharge hour.,12/02/2004,,
N318,Missing/incomplete/invalid discharge or end of care date.,12/02/2004,,
N319,Missing/incomplete/invalid hearing or vision prescription date.,12/02/2004,,
N32,Claim must be submitted by the provider who rendered the service.,01/01/2000,06/30/2003,Modified 6/30/03
N320,Missing/incomplete/invalid Home Health Certification Period.,12/02/2004,,
N321,Missing/incomplete/invalid last admission period.,12/02/2004,,
N322,Missing/incomplete/invalid last certification date.,12/02/2004,,
N323,Missing/incomplete/invalid last contact date.,12/02/2004,,
N324,Missing/incomplete/invalid last seen/visit date.,12/02/2004,,
N325,Missing/incomplete/invalid last worked date.,12/02/2004,,
N326,Missing/incomplete/invalid last x-ray date.,12/02/2004,,
N327,Missing/incomplete/invalid other insured birth date.,12/02/2004,,
N328,Missing/incomplete/invalid Oxygen Saturation Test date.,12/02/2004,,
N329,Missing/incomplete/invalid patient birth date.,12/02/2004,,
N33,No record of health check prior to initiation of treatment.,01/01/2000,,
N330,Missing/incomplete/invalid patient death date.,12/02/2004,,
N331,Missing/incomplete/invalid physician order date.,12/02/2004,,
N332,Missing/incomplete/invalid prior hospital discharge date.,12/02/2004,,
N333,Missing/incomplete/invalid prior placement date.,12/02/2004,,
N334,Missing/incomplete/invalid re-evaluation date.,12/02/2004,03/14/2014,Modified 3/14/2014
N335,Missing/incomplete/invalid referral date.,12/02/2004,,
N336,Missing/incomplete/invalid replacement date.,12/02/2004,,
N337,Missing/incomplete/invalid secondary diagnosis date.,12/02/2004,,
N338,Missing/incomplete/invalid shipped date.,12/02/2004,,
N339,Missing/incomplete/invalid similar illness or symptom date.,12/02/2004,,
N34,Incorrect claim form/format for this service.,01/01/2000,11/18/2005,Modified 11/18/05
N340,Missing/incomplete/invalid subscriber birth date.,12/02/2004,,
N341,Missing/incomplete/invalid surgery date.,12/02/2004,,
N342,Missing/incomplete/invalid test performed date.,12/02/2004,,
N343,Missing/incomplete/invalid Transcutaneous Electrical Nerve Stimulator (TENS) trial start date.,12/02/2004,,
N344,Missing/incomplete/invalid Transcutaneous Electrical Nerve Stimulator (TENS) trial end date.,12/02/2004,,
N345,Date range not valid with units submitted.,03/30/2005,,
N346,Missing/incomplete/invalid oral cavity designation code.,03/30/2005,,
N347,Your claim for a referred or purchased service cannot be paid because payment has already been made for this same service to another provider by a payment contractor representing the payer.,03/30/2005,,
N348,You chose that this service/supply/drug would be rendered/supplied and billed by a different practitioner/supplier.,08/01/2005,,
N349,The administration method and drug must be reported to adjudicate this service.,08/01/2005,,
N35,Program integrity/utilization review decision.,01/01/2000,,
N350,Missing/incomplete/invalid description of service for a Not Otherwise Classified (NOC) code or for an Unlisted/By Report procedure.,08/01/2005,07/01/2008,Modified 7/1/08
N351,Service date outside of the approved treatment plan service dates.,08/01/2005,,
N354,Incomplete/invalid invoice.,08/01/2005,03/14/2014,Modified 3/14/2014
N356,"Not covered when performed with, or subsequent to, a non-covered service.",08/01/2005,03/08/2011,Modified 3/8/11
N357,Time frame requirements between this service/procedure/supply and a related service/procedure/supply have not been met.,11/18/2005,,
N359,Missing/incomplete/invalid height.,11/18/2005,,
N36,Claim must meet primary payer's processing requirements before we can consider payment.,01/01/2000,,
N362,The number of Days or Units of Service exceeds our acceptable maximum.,11/18/2005,,
N366,Requested information not provided. The claim will be reopened if the information previously requested is submitted within one year after the date of this denial notice.,04/01/2006,,
N368,You must appeal the determination of the previously adjudicated claim.,04/01/2006,,
N37,Missing/incomplete/invalid tooth number/letter.,01/01/2000,02/28/2003,Modified 2/28/03
N370,Billing exceeds the rental months covered/approved by the payer.,08/01/2006,,
N372,Only reasonable and necessary maintenance/service charges are covered.,08/01/2006,,
N373,"It has been determined that another payer paid the services as primary when they were not the primary payer. Therefore, we are refunding to the payer that paid as primary on your behalf.",12/01/2006,,
N374,Primary Medicare Part A insurance has been exhausted and a Part B Remittance Advice is required.,12/01/2006,,
N375,Missing/incomplete/invalid questionnaire/information required to determine dependent eligibility.,12/01/2006,,
N376,"Subscriber/patient is assigned to active military duty, therefore primary coverage may be TRICARE.",12/01/2006,,
N377,Payment based on a processed replacement claim.,12/01/2006,11/05/2007,Modified 11/5/07
N378,Missing/incomplete/invalid prescription quantity.,12/01/2006,,
N379,Claim level information does not match line level information.,12/01/2006,,
N380,"The original claim has been processed, submit a corrected claim.",04/01/2007,,
N382,Missing/incomplete/invalid patient identifier.,04/01/2007,,
N383,Not covered when deemed cosmetic.,04/01/2007,03/08/2011,Modified 3/8/11
N384,Records indicate that the referenced body part/tooth has been removed in a previous procedure.,04/01/2007,,
N385,Notification of admission was not timely according to published plan procedures.,04/01/2007,11/05/2007,Modified 11/5/07
N386,This decision was based on a National Coverage Determination (NCD). An NCD provides a coverage determination as to whether a particular item or service is covered. Visit CMS.gov and search for Medicare Coverage Database to find a copy of the policy.,04/01/2007,03/01/2026,Modified 03/01/2026
N388,Missing/incomplete/invalid prescription number.,08/01/2007,03/14/2014,Modified 3/14/2014
N389,Duplicate prescription number submitted.,08/01/2007,,
N39,Procedure code is not compatible with tooth number/letter.,01/01/2000,,
N390,This service/report cannot be billed separately.,08/01/2007,07/01/2008,Modified 7/1/08
N391,Missing emergency department records.,08/01/2007,,
N392,Incomplete/invalid emergency department records.,08/01/2007,,
N393,Missing progress notes/report.,08/01/2007,07/01/2008,Modified 7/1/08
N394,Incomplete/invalid progress notes/report.,08/01/2007,07/01/2008,Modified 7/1/08
N395,Missing laboratory report.,08/01/2007,,
N396,Incomplete/invalid laboratory report.,08/01/2007,,
N397,Benefits are not available for incomplete service(s)/undelivered item(s).,08/01/2007,,
N398,Missing elective consent form.,08/01/2007,,
N399,Incomplete/invalid elective consent form.,08/01/2007,,
N4,Missing/Incomplete/Invalid prior Insurance Carrier(s) EOB.,01/01/2000,03/06/2012,"Modified 2/28/03, 3/6/2012"
N40,Missing radiology film(s)/image(s).,01/01/2000,07/01/2008,"Modified 2/1/04, 7/1/08"
N401,Missing periodontal charting.,08/01/2007,,
N402,Incomplete/invalid periodontal charting.,08/01/2007,,
N403,Missing facility certification.,08/01/2007,,
N404,Incomplete/invalid facility certification.,08/01/2007,,
N405,This service is only covered when the donor's insurer(s) do not provide coverage for the service.,08/01/2007,,
N406,This service is only covered when the recipient's insurer(s) do not provide coverage for the service.,08/01/2007,,
N407,You are not an approved submitter for this transmission format.,08/01/2007,,
N408,This payer does not cover deductibles assessed by a previous payer.,08/01/2007,,
N409,This service is related to an accidental injury and is not covered unless provided within a specific time frame from the date of the accident.,08/01/2007,,
N410,Not covered unless the prescription changes.,08/01/2007,03/08/2011,Modified 3/8/11
N411,This service is allowed one time in a 6-month period.,08/01/2007,07/01/2016,"Modified 2/1/2009, Reactivated 7/1/2016"
N412,This service is allowed 2 times in a 12-month period.,08/01/2007,07/01/2016,"Modified 2/1/2009, Reactivated 7/1/2016"
N413,This service is allowed 2 times in a benefit year.,08/01/2007,07/01/2016,"Modified 2/1/2009, Reactivated 7/1/2016"
N414,This service is allowed 4 times in a 12-month period.,08/01/2007,07/01/2016,"Modified 2/1/2009, Reactivated 7/1/2016"
N415,This service is allowed 1 time in an 18-month period.,08/01/2007,07/01/2016,"Modified 2/1/2009, Reactivated 7/1/2016"
N416,This service is allowed 1 time in a 3-year period.,08/01/2007,07/01/2016,"Modified 2/1/2009, Reactivated 7/1/2016"
N417,This service is allowed 1 time in a 5-year period.,08/01/2007,07/01/2016,"Modified 2/1/2009, Reactivated 7/1/2016"
N418,Misrouted claim. See the payer's claim submission instructions.,08/01/2007,,
N419,Claim payment was the result of a payer's retroactive adjustment due to a retroactive rate change.,08/01/2007,,
N42,Missing mental health assessment.,01/01/2000,11/01/2014,
N420,Claim payment was the result of a payer's retroactive adjustment due to a Coordination of Benefits or Third Party Liability Recovery.,08/01/2007,,
N421,Claim payment was the result of a payer's retroactive adjustment due to a review organization decision.,08/01/2007,05/08/2008,"Modified 2/29/08, typo fixed 5/8/08"
N422,Claim payment was the result of a payer's retroactive adjustment due to a payer's contract incentive program.,08/01/2007,05/08/2008,Typo fixed 5/8/08
N423,Claim payment was the result of a payer's retroactive adjustment due to a non standard program.,08/01/2007,,
N424,Patient does not reside in the geographic area required for this type of payment.,08/01/2007,,
N425,Statutorily excluded service(s).,08/01/2007,,
N426,No coverage when self-administered.,08/01/2007,,
N427,Payment for eyeglasses or contact lenses can be made only after cataract surgery.,08/01/2007,,
N428,Not covered when performed in this place of service.,08/01/2007,03/08/2011,Modified 3/8/11
N429,Not covered when considered routine.,08/01/2007,03/08/2011,Modified 3/8/11
N43,Bed hold or leave days exceeded.,01/01/2000,,
N430,Procedure code is inconsistent with the units billed.,11/05/2007,,
N431,Not covered with this procedure.,11/05/2007,03/08/2011,Modified 3/8/11
N433,Resubmit this claim using only your National Provider Identifier (NPI).,02/29/2008,03/14/2014,Modified 3/14/2014
N434,Missing/Incomplete/Invalid Present on Admission indicator.,07/01/2008,,
N435,Exceeds number/frequency approved /allowed within time period without support documentation.,07/01/2008,,
N436,The injury claim has not been accepted and a mandatory medical reimbursement has been made.,07/01/2008,,
N438,This jurisdiction only accepts paper claims.,07/01/2008,03/14/2014,Modified 3/14/2014
N439,Missing anesthesia physical status report/indicators.,07/01/2008,,
N440,Incomplete/invalid anesthesia physical status report/indicators.,07/01/2008,,
N441,This missed/cancelled appointment is not covered.,07/01/2008,07/15/2013,Modified 7/15/2013
N442,Payment based on an alternate fee schedule.,07/01/2008,,
N443,Missing/incomplete/invalid total time or begin/end time.,07/01/2008,,
N445,Missing document for actual cost or paid amount.,07/01/2008,,
N446,Incomplete/invalid document for actual cost or paid amount.,07/01/2008,,
N447,Payment is based on a generic equivalent as required documentation was not provided.,07/01/2008,,
N448,This drug/service/supply is not included in the fee schedule or contracted/legislated fee arrangement.,07/01/2008,03/14/2014,Modified 3/14/2014
N449,Payment based on a comparable drug/service/supply.,07/01/2008,,
N45,Payment based on authorized amount.,01/01/2000,,
N450,Covered only when performed by the primary treating physician or the designee.,07/01/2008,,
N451,Missing Admission Summary Report.,07/01/2008,,
N452,Incomplete/invalid Admission Summary Report.,07/01/2008,,
N453,Missing Consultation Report.,07/01/2008,,
N454,Incomplete/invalid Consultation Report.,07/01/2008,,
N455,Missing Physician Order.,07/01/2008,,
N456,Incomplete/invalid Physician Order.,07/01/2008,,
N457,Missing Diagnostic Report.,07/01/2008,,
N458,Incomplete/invalid Diagnostic Report.,07/01/2008,,
N459,Missing Discharge Summary.,07/01/2008,,
N46,Missing/incomplete/invalid admission hour.,01/01/2000,,
N460,Incomplete/invalid Discharge Summary.,07/01/2008,,
N461,Missing Nursing Notes.,07/01/2008,,
N462,Incomplete/invalid Nursing Notes.,07/01/2008,,
N463,Missing support data for claim.,07/01/2008,,
N464,Incomplete/invalid support data for claim.,07/01/2008,,
N465,Missing Physical Therapy Notes/Report.,07/01/2008,,
N466,Incomplete/invalid Physical Therapy Notes/Report.,07/01/2008,,
N467,Missing Tests and Analysis Report.,07/01/2008,03/14/2014,Modified 3/14/2014
N468,Incomplete/invalid Report of Tests and Analysis Report.,07/01/2008,,
N47,Claim conflicts with another inpatient stay.,01/01/2000,,
N470,This payment will complete the mandatory medical reimbursement limit.,07/01/2008,,
N471,Missing/incomplete/invalid HIPPS Rate Code.,07/01/2008,,
N472,Payment for this service has been issued to another provider.,07/01/2008,,
N473,Missing certification.,07/01/2008,,
N474,Incomplete/invalid certification.,07/01/2008,03/14/2014,Modified 3/14/2014
N475,Missing completed referral form.,07/01/2008,,
N476,Incomplete/invalid completed referral form.,07/01/2008,03/14/2014,Modified 3/14/2014
N477,Missing Dental Models.,07/01/2008,,
N478,Incomplete/invalid Dental Models.,07/01/2008,03/14/2014,Modified 3/14/2014
N479,Missing Explanation of Benefits (Coordination of Benefits or Medicare Secondary Payer).,07/01/2008,,
N48,Claim information does not agree with information received from other insurance carrier.,01/01/2000,,
N480,Incomplete/invalid Explanation of Benefits (Coordination of Benefits or Medicare Secondary Payer).,07/01/2008,,
N481,Missing Models.,07/01/2008,,
N482,Incomplete/invalid Models.,07/01/2008,03/14/2014,Modified 3/14/2014
N485,Missing Physical Therapy Certification.,07/01/2008,,
N486,Incomplete/invalid Physical Therapy Certification.,07/01/2008,,
N487,Missing Prosthetics or Orthotics Certification.,07/01/2008,,
N488,Incomplete/invalid Prosthetics or Orthotics Certification.,07/01/2008,03/14/2014,Modified 3/14/2014
N489,Missing referral form.,07/01/2008,,
N49,Court ordered coverage information needs validation.,01/01/2000,,
N490,Incomplete/invalid referral form.,07/01/2008,03/14/2014,Modified 3/14/2014
N491,Missing/Incomplete/Invalid Exclusionary Rider Condition.,07/01/2008,,
N493,Missing Doctor First Report of Injury.,07/01/2008,,
N494,Incomplete/invalid Doctor First Report of Injury.,07/01/2008,,
N495,Missing Supplemental Medical Report.,07/01/2008,,
N496,Incomplete/invalid Supplemental Medical Report.,07/01/2008,,
N497,Missing Medical Permanent Impairment or Disability Report.,07/01/2008,,
N498,Incomplete/invalid Medical Permanent Impairment or Disability Report.,07/01/2008,,
N499,Missing Medical Legal Report.,07/01/2008,,
N5,EOB received from previous payer. Claim not on file.,01/01/2000,,
N50,Missing/incomplete/invalid discharge information.,01/01/2000,02/28/2003,Modified 2/28/03
N500,Incomplete/invalid Medical Legal Report.,07/01/2008,,
N501,Missing Vocational Report.,07/01/2008,,
N502,Incomplete/invalid Vocational Report.,07/01/2008,,
N503,Missing Work Status Report.,07/01/2008,,
N504,Incomplete/invalid Work Status Report.,07/01/2008,,
N507,Plan distance requirements have not been met.,11/01/2008,,
N51,Electronic interchange agreement not on file for provider/submitter.,01/01/2000,,
N516,Records indicate a mismatch between the submitted NPI and EIN.,03/01/2009,,
N517,Resubmit a new claim with the requested information.,03/01/2009,,
N518,No separate payment for accessories when furnished for use with oxygen equipment.,03/01/2009,,
N519,Invalid combination of HCPCS modifiers.,07/01/2009,,
N52,Patient not enrolled in the billing provider's managed care plan on the date of service.,01/01/2000,,
N521,Mismatch between the submitted provider information and the provider information stored in our system.,11/01/2009,,
N522,"Duplicate of a claim processed, or to be processed, as a crossover claim.",11/01/2009,03/01/2010,
N523,The limitation on outlier payments defined by this payer for this service period has been met. The outlier payment otherwise applicable to this claim has not been paid.,03/01/2010,,
N524,Based on policy this payment constitutes payment in full.,03/01/2010,,
N525,These services are not covered when performed within the global period of another service.,03/01/2010,,
N526,Not qualified for recovery based on employer size.,03/01/2010,,
N527,We processed this claim as the primary payer prior to receiving the recovery demand.,03/01/2010,,
N528,Patient is entitled to benefits for Institutional Services only.,03/01/2010,07/01/2010,Modified 7/1/10
N529,Patient is entitled to benefits for Professional Services only.,03/01/2010,07/01/2010,Modified 7/1/10
N53,Missing/incomplete/invalid point of pick-up address.,01/01/2000,02/28/2003,Modified 2/28/03
N530,Not Qualified for Recovery based on enrollment information.,03/01/2010,07/01/2010,Modified 7/1/10
N531,Not qualified for recovery based on direct payment of premium.,03/01/2010,,
N532,Not qualified for recovery based on disability and working status.,03/01/2010,,
N533,Services performed in an Indian Health Services facility under a self-insured tribal Group Health Plan.,07/01/2010,,
N534,"This is an individual policy, the employer does not participate in plan sponsorship.",07/01/2010,,
N535,Payment is adjusted when procedure is performed in this place of service based on the submitted procedure code and place of service.,07/01/2010,,
N536,"We are not changing the prior payer's determination of patient responsibility, which you may collect, as this service is not covered by us.",07/01/2010,,
N537,We have examined claims history and no records of the services have been found.,07/01/2010,,
N538,A facility is responsible for payment to outside providers who furnish these services/supplies/drugs to its patients/residents.,07/01/2010,,
N54,Claim information is inconsistent with pre-certified/authorized services.,01/01/2000,,
N540,Payment adjusted based on the interrupted stay policy.,11/01/2010,,
N541,Mismatch between the submitted insurance type code and the information stored in our system.,11/01/2010,,
N542,Missing income verification.,03/08/2011,,
N543,Incomplete/invalid income verification.,03/08/2011,03/14/2014,Modified 3/14/2014
N545,Payment reduced based on status as an unsuccessful eprescriber per the Electronic Prescribing (eRx) Incentive Program.,07/01/2011,,
N546,Payment represents a previous reduction based on the Electronic Prescribing (eRx) Incentive Program.,07/01/2011,,
N547,A refund request (Frequency Type Code 8) was processed previously.,03/06/2012,,
N55,Procedures for billing with group/referring/performing providers were not followed.,01/01/2000,,
N551,Payment adjusted based on the Ambulatory Surgical Center (ASC) Quality Reporting Program.,03/06/2012,,
N552,Payment adjusted to reverse a previous withhold/bonus amount.,03/06/2012,,
N554,Missing/Incomplete/Invalid Family Planning Indicator.,07/01/2012,03/14/2014,Modified 3/14/2014
N555,Missing medication list.,07/01/2012,,
N556,Incomplete/invalid medication list.,07/01/2012,,
N557,This claim/service is not payable under our service area. The claim must be filed to the Payer/Plan in whose service area the specimen was collected.,07/01/2012,,
N558,This claim/service is not payable under our service area. The claim must be filed to the Payer/Plan in whose service area the equipment was received.,07/01/2012,,
N559,This claim/service is not payable under our service area. The claim must be filed to the Payer/Plan in whose service area the Ordering Physician is located.,07/01/2012,,
N56,Procedure code billed is not correct/valid for the services billed or the date of service billed.,01/01/2000,02/28/2003,Modified 2/28/03
N560,The pilot program requires an interim or final claim within 60 days of the Notice of Admission. A claim was not received.,11/01/2012,,
N561,The bundled claim originally submitted for this episode of care includes related readmissions. You may resubmit the original claim to receive a corrected payment based on this readmission.,11/01/2012,,
N562,The provider number of your incoming claim does not match the provider number on the processed Notice of Admission (NOA) for this bundled payment.,11/01/2012,,
N564,Patient did not meet the inclusion criteria for the demonstration project or pilot program.,11/01/2012,,
N567,Not covered when considered preventative.,03/01/2013,,
N569,Not covered when performed for the reported diagnosis.,03/01/2013,,
N57,Missing/incomplete/invalid prescribing date.,01/01/2000,12/02/2004,Modified 12/2/04
N570,Missing/incomplete/invalid credentialing data.,03/01/2013,03/14/2014,Modified 3/14/2014
N572,This procedure is not payable unless appropriate non-payable reporting codes and associated modifiers are submitted.,03/01/2013,07/01/2014,
N574,Our records indicate the ordering/referring provider is of a type/specialty that cannot order or refer. Please verify that the claim ordering/referring provider information is accurate or contact the ordering/referring provider.,07/15/2013,,
N575,Mismatch between the submitted ordering/referring provider name and the ordering/referring provider name stored in our records.,07/15/2013,,
N576,Services not related to the specific incident/claim/accident/loss being reported.,07/15/2013,,
N577,Personal Injury Protection (PIP) Coverage.,07/15/2013,,
N578,Coverages do not apply to this loss.,07/15/2013,,
N579,Medical Payments Coverage (MPC).,07/15/2013,,
N58,Missing/incomplete/invalid patient liability amount.,01/01/2000,02/28/2003,Modified 2/28/03
N580,Determination based on the provisions of the insurance policy.,07/15/2013,,
N581,Investigation of coverage eligibility is pending.,07/15/2013,,
N582,Benefits suspended pending the patient's cooperation.,07/15/2013,,
N583,"Patient was not an occupant of our insured vehicle and therefore, is not an eligible injured person.",07/15/2013,,
N584,Not covered based on the insured's noncompliance with policy or statutory conditions.,07/15/2013,,
N585,Benefits are no longer available based on a final injury settlement.,07/15/2013,,
N586,The injured party does not qualify for benefits.,07/15/2013,,
N587,Policy benefits have been exhausted.,07/15/2013,,
N588,The patient has instructed that medical claims/bills are not to be paid.,07/15/2013,,
N589,Coverage is excluded to any person injured as a result of operating a motor vehicle while in an intoxicated condition or while the ability to operate such a vehicle is impaired by the use of a drug.,07/15/2013,,
N590,Missing independent medical exam detailing the cause of injuries sustained and medical necessity of services rendered.,07/15/2013,,
N591,Payment based on an Independent Medical Examination (IME) or Utilization Review (UR).,07/15/2013,,
N592,Adjusted because this is not the initial prescription or exceeds the amount allowed for the initial prescription.,07/15/2013,,
N593,Not covered based on failure to attend a scheduled Independent Medical Exam (IME).,07/15/2013,,
N594,Records reflect the injured party did not complete an Application for Benefits for this loss.,07/15/2013,,
N595,Records reflect the injured party did not complete an Assignment of Benefits for this loss.,07/15/2013,,
N596,Records reflect the injured party did not complete a Medical Authorization for this loss.,07/15/2013,,
N597,Adjusted based on a medical/dental provider's apportionment of care between related injuries and other unrelated medical/dental conditions/injuries.,07/15/2013,11/01/2013,
N598,Health care policy coverage is primary.,07/15/2013,,
N599,"Our payment for this service is based upon a reasonable amount pursuant to both the terms and conditions of the policy of insurance under which the subject claim is being made as well as the Florida No-Fault Statute, which permits, when determining a reasonable charge for a service, an insurer to consider usual and customary charges and payments accepted by the provider, reimbursement levels in the community and various federal and state fee schedules applicable to automobile and other insurance coverages, and other information relevant to the reasonableness of the reimbursement for the service. The payment for this service is based upon 200% of the Participating Level of Medicare Part B fee schedule for the locale in which the services were rendered.",07/15/2013,,
N6,"Under FEHB law (U.S.C. 8904(b)), we cannot pay more for covered care than the amount Medicare would have allowed if the patient were enrolled in Medicare Part A and/or Medicare Part B.",01/01/2000,02/28/2003,Modified 2/28/03
N600,Adjusted based on the applicable fee schedule for the region in which the service was rendered.,07/15/2013,,
N601,"In accordance with Hawaii Administrative Rules, Title 16, Chapter 23 Motor Vehicle Insurance Law payment is recommended based on Medicare Resource Based Relative Value Scale System applicable to Hawaii.",07/15/2013,,
N602,Adjusted based on the Redbook maximum allowance.,07/15/2013,,
N603,This fee is calculated according to the New Jersey medical fee schedules for Automobile Personal Injury Protection and Motor Bus Medical Expense Insurance Coverage.,07/15/2013,,
N604,"In accordance with New York No-Fault Law, Regulation 68, this base fee was calculated according to the New York Workers' Compensation Board Schedule of Medical Fees, pursuant to Regulation 83 and / or Appendix 17-C of 11 NYCRR.",07/15/2013,,
N605,"This fee was calculated based upon New York All Patients Refined Diagnosis Related Groups (APR-DRG), pursuant to Regulation 68.",07/15/2013,,
N606,The Oregon allowed amount for this procedure is based upon the Workers Compensation Fee Schedule (OAR 436-009). The allowed amount has been calculated in accordance with Section 4 of ORS 742.524.,07/15/2013,,
N607,Service provided for non-compensable condition(s).,07/15/2013,,
N608,"The fee schedule amount allowed is calculated at 110% of the Medicare Fee Schedule for this region, specialty and type of service. This fee is calculated in compliance with Act 6.",07/15/2013,,
N609,80% of the provider's billed amount is being recommended for payment according to Act 6.,07/15/2013,03/14/2014,Modified 3/14/2014
N61,Rebill services on separate claims.,01/01/2000,,
N611,Claim in litigation. Contact insurer for more information.,07/15/2013,,
N612,Medical provider not authorized/certified to provide treatment to injured workers in this jurisdiction.,07/15/2013,,
N617,This enrollee is in the second or third month of the advance premium tax credit grace period.,07/15/2013,,
N619,Coverage terminated for non-payment of premium.,07/15/2013,,
N62,Dates of service span multiple rate periods. Resubmit separate claims.,01/01/2000,03/08/2011,Modified 3/8/11
N621,"Charges for Jurisdiction required forms, reports, or chart notes are not payable.",07/15/2013,,
N622,Not covered based on the date of injury/accident.,07/15/2013,,
N623,Not covered when deemed unscientific/unproven/outmoded/experimental/excessive/inappropriate.,07/15/2013,,
N624,The associated Workers' Compensation claim has been withdrawn.,07/15/2013,,
N625,Missing/Incomplete/Invalid Workers' Compensation Claim Number.,07/15/2013,,
N626,New or established patient E/M codes are not payable with chiropractic care codes.,07/15/2013,,
N628,Out-patient follow up visits on the same date of service as a scheduled test or treatment is disallowed.,07/15/2013,,
N629,Reviews/documentation/notes/summaries/reports/charts not requested.,07/15/2013,,
N63,Rebill services on separate claim lines.,01/01/2000,,
N630,Referral not authorized by attending physician.,07/15/2013,,
N631,Medical Fee Schedule does not list this code. An allowance was made for a comparable service.,07/15/2013,,
N633,Additional anesthesia time units are not allowed.,07/15/2013,,
N634,The allowance is calculated based on anesthesia time units.,07/15/2013,,
N635,The Allowance is calculated based on the anesthesia base units plus time.,07/15/2013,,
N636,Adjusted because this is reimbursable only once per injury.,07/15/2013,,
N637,Consultations are not allowed once treatment has been rendered by the same provider.,07/15/2013,,
N638,Reimbursement has been made according to the home health fee schedule.,07/15/2013,,
N639,Reimbursement has been made according to the inpatient rehabilitation facilities fee schedule.,07/15/2013,,
N64,The 'from' and 'to' dates must be different.,01/01/2000,,
N640,Exceeds number/frequency approved/allowed within time period.,07/15/2013,,
N641,Reimbursement has been based on the number of body areas rated.,07/15/2013,,
N642,Adjusted when billed as individual tests instead of as a panel.,07/15/2013,,
N643,The services billed are considered Not Covered or Non-Covered (NC) in the applicable state fee schedule.,07/15/2013,,
N644,Reimbursement has been made according to the bilateral procedure rule.,07/15/2013,,
N645,Mark-up allowance.,07/15/2013,03/14/2014,Modified 3/14/2014
N646,Reimbursement has been adjusted based on the guidelines for an assistant.,07/15/2013,,
N647,Adjusted based on diagnosis-related group (DRG).,07/15/2013,,
N648,Adjusted based on Stop Loss.,07/15/2013,,
N649,Payment based on invoice.,07/15/2013,,
N65,"Procedure code or procedure rate count cannot be determined, or was not on file, for the date of service/provider.",01/01/2000,02/28/2003,Modified 2/28/03
N650,This policy was not in effect for this date of loss. No coverage is available.,07/15/2013,,
N651,No Personal Injury Protection/Medical Payments Coverage on the policy at the time of the loss.,07/15/2013,,
N652,The date of service is before the date of loss.,07/15/2013,,
N653,The date of injury does not match the reported date of loss.,07/15/2013,,
N654,Adjusted based on achievement of maximum medical improvement (MMI).,07/15/2013,,
N655,Payment based on provider's geographic region.,07/15/2013,,
N656,An interest payment is being made because benefits are being paid outside the statutory requirement.,07/15/2013,,
N657,This should be billed with the appropriate code for these services.,07/15/2013,,
N658,The billed service(s) are not considered medical expenses.,07/15/2013,,
N659,This item is exempt from sales tax.,07/15/2013,,
N660,Sales tax has been included in the reimbursement.,07/15/2013,,
N661,Documentation does not support that the services rendered were medically necessary.,07/15/2013,,
N663,Adjusted based on an agreed amount.,07/15/2013,,
N664,Adjusted based on a legal settlement.,07/15/2013,,
N665,Services by an unlicensed provider are not reimbursable.,07/15/2013,,
N666,Only one evaluation and management code at this service level is covered during the course of care.,07/15/2013,,
N667,Missing prescription.,07/15/2013,03/14/2014,Modified 3/14/2014
N668,Incomplete/invalid prescription.,07/15/2013,03/14/2014,Modified 3/14/2014
N669,Adjusted based on the Medicare fee schedule.,07/15/2013,,
N67,"Professional provider services not paid separately. Included in facility payment under a demonstration project. Apply to that facility for payment, or resubmit your claim if: the facility notifies you the patient was excluded from this demonstration; or if you furnished these services in another location on the date of the patient's admission or discharge from a demonstration hospital. If services were furnished in a facility not involved in the demonstration on the same date the patient was discharged from or admitted to a demonstration facility, you must report the provider ID number for the non-demonstration facility on the new claim.",01/01/2000,,
N670,This service code has been identified as the primary procedure code subject to the Medicare Multiple Procedure Payment Reduction (MPPR) rule.,07/15/2013,,
N671,Payment based on a jurisdiction cost-charge ratio.,07/15/2013,,
N673,Reimbursement has been calculated based on an outpatient per diem or an outpatient factor and/or fee schedule amount.,07/15/2013,,
N674,Not covered unless a pre-requisite procedure/service has been provided.,07/15/2013,,
N675,Additional information is required from the injured party.,07/15/2013,,
N676,Service does not qualify for payment under the Outpatient Facility Fee Schedule.,07/15/2013,,
N678,Missing post-operative images/visual field results.,11/01/2013,,
N679,Incomplete/Invalid post-operative images/visual field results.,11/01/2013,,
N68,Prior payment being cancelled as we were subsequently notified this patient was covered by a demonstration project in this site of service. Professional services were included in the payment made to the facility. You must contact the facility for your payment. Prior payment made to you by the patient or another insurer for this claim must be refunded to the payer within 30 days.,01/01/2000,,
N680,Missing/Incomplete/Invalid date of previous dental extractions.,11/01/2013,,
N681,Missing/Incomplete/Invalid full arch series.,11/01/2013,,
N682,Missing/Incomplete/Invalid history of prior periodontal therapy/maintenance.,11/01/2013,,
N683,Missing/Incomplete/Invalid prior treatment documentation.,11/01/2013,,
N684,Payment denied as this is a specialty claim submitted as a general claim.,11/01/2013,,
N685,"Missing/Incomplete/Invalid Prosthesis, Crown or Inlay Code.",11/01/2013,,
N686,Missing/incomplete/Invalid questionnaire needed to complete payment determination.,11/01/2013,,
N699,Payment adjusted based on the Physician Quality Reporting System (PQRS) Incentive Program.,03/01/2014,,
N70,Consolidated billing and payment applies.,01/01/2000,11/05/2007,"Modified 2/28/02, 11/5/07"
N700,Payment adjusted based on the Electronic Health Records (EHR) Incentive Program.,03/01/2014,,
N701,Payment adjusted based on the Value-based Payment Modifier.,03/01/2014,,
N702,Decision based on review of previously adjudicated claims or for claims in process for the same/similar type of services.,03/01/2014,,
N703,This service is incompatible with previously adjudicated claims or claims in process.,03/01/2014,,
N705,Incomplete/invalid documentation.,03/01/2014,,
N706,Missing documentation.,03/01/2014,,
N707,Incomplete/invalid orders.,03/01/2014,,
N708,Missing orders.,03/01/2014,,
N709,Incomplete/invalid notes.,03/01/2014,,
N71,"Your unassigned claim for a drug or biological, clinical diagnostic laboratory services or ambulance service was processed as an assigned claim. You are required by law to accept assignment for these types of claims.",01/01/2000,06/30/2003,"Modified 2/21/02, 6/30/03"
N710,Missing notes.,03/01/2014,,
N711,Incomplete/invalid summary.,03/01/2014,,
N712,Missing summary.,03/01/2014,,
N713,Incomplete/invalid report.,03/01/2014,,
N714,Missing report.,03/01/2014,,
N715,Incomplete/invalid chart.,03/01/2014,,
N716,Missing chart.,03/01/2014,,
N717,Incomplete/Invalid documentation of face-to-face examination.,03/01/2014,,
N718,Missing documentation of face-to-face examination.,03/01/2014,,
N719,Penalty applied based on plan requirements not being met.,03/01/2014,,
N72,PPS (Prospective Payment System) code changed by medical reviewers. Not supported by clinical records.,01/01/2000,06/30/2003,Modified 6/30/03
N721,This service is only covered when performed as part of a clinical trial.,03/01/2014,,
N722,Patient must use Workers' Compensation Set-Aside (WCSA) funds to pay for the medical service or item.,03/01/2014,,
N723,Patient must use Liability set-aside (LSA) funds to pay for the medical service or item.,03/01/2014,,
N724,Patient must use No-Fault set-aside (NFSA) funds to pay for the medical service or item.,03/01/2014,,
N725,A liability insurer has reported having ongoing responsibility for medical services (ORM) for this diagnosis.,03/01/2014,,
N726,A conditional payment is not allowed.,03/01/2014,,
N727,A no-fault insurer has reported having ongoing responsibility for medical services (ORM) for this diagnosis.,03/01/2014,,
N728,A workers' compensation insurer has reported having ongoing responsibility for medical services (ORM) for this diagnosis.,03/01/2014,,
N729,Missing patient medical/dental record for this service.,11/01/2014,,
N730,Incomplete/invalid patient medical/dental record for this service.,11/01/2014,,
N731,Incomplete/Invalid mental health assessment.,11/01/2014,,
N732,Services performed at an unlicensed facility are not reimbursable.,11/01/2014,,
N733,Regulatory surcharges are paid directly to the state.,11/01/2014,,
N734,The patient is eligible for these medical services only when unable to work or perform normal activities due to an illness or injury.,11/01/2014,,
N736,Incomplete/invalid Sleep Study Report.,03/01/2015,,
N737,Missing Sleep Study Report.,03/01/2015,,
N738,Incomplete/invalid Vein Study Report.,03/01/2015,,
N739,Missing Vein Study Report.,03/01/2015,,
N74,"Resubmit with multiple claims, each claim covering services provided in only one calendar month.",01/01/2000,,
N740,The member's Consumer Spending Account does not contain sufficient funds to cover the member's liability for this claim/service.,03/01/2015,,
N741,This is a site neutral payment.,03/01/2015,,
N743,Adjusted because the services may be related to an employment accident.,03/01/2015,,
N744,Adjusted because the services may be related to an auto/other accident.,03/01/2015,03/01/2017,Modified 3/1/2017
N745,Missing Ambulance Report.,03/01/2015,,
N746,Incomplete/invalid Ambulance Report.,03/01/2015,,
N747,This is a misdirected claim/service. Submit the claim to the payer/plan where the patient resides.,03/01/2015,,
N748,Adjusted because the related hospital charges have not been received.,03/01/2015,,
N749,Missing Blood Gas Report.,03/01/2015,,
N75,Missing/incomplete/invalid tooth surface information.,01/01/2000,02/28/2003,Modified 2/28/03
N750,Incomplete/invalid Blood Gas Report.,03/01/2015,,
N751,Adjusted because the patient is covered under a Medicare Part D plan.,03/01/2015,07/01/2017,Modified 7/1/2017
N752,Missing/incomplete/invalid HIPPS Treatment Authorization Code (TAC).,03/01/2015,,
N753,Missing/incomplete/invalid Attachment Control Number.,07/01/2015,,
N754,Missing/incomplete/invalid Referring Provider or Other Source Qualifier on the 1500 Claim Form.,07/01/2015,,
N755,Missing/incomplete/invalid ICD Indicator.,07/01/2015,03/01/2016,Modified 3/1/2016
N756,Missing/incomplete/invalid point of drop-off address.,07/01/2015,,
N757,Adjusted based on the Federal Indian Fees schedule (MLR).,07/01/2015,,
N758,Adjusted based on the prior authorization decision.,07/01/2015,,
N759,Payment adjusted based on the National Electrical Manufacturers Association (NEMA) Standard XR-29-2013.,07/01/2015,,
N76,Missing/incomplete/invalid number of riders.,01/01/2000,02/28/2003,Modified 2/28/03
N760,This facility is not authorized to receive payment for the service(s).,11/01/2015,,
N761,This provider is not authorized to receive payment for the service(s).,11/01/2015,,
N762,This facility is not certified for Tomosynthesis (3-D) mammography.,11/01/2015,,
N763,The demonstration code is not appropriate for this claim; resubmit without a demonstration code.,11/01/2015,,
N764,Missing/incomplete/invalid Hematocrit (HCT) value.,03/01/2016,,
N765,This payer does not cover coinsurance assessed by a previous payer.,03/01/2016,03/01/2018,Modified 3/1/2018
N766,This payer does not cover co-payment assessed by a previous payer.,03/01/2016,,
N767,The Medicaid state requires provider to be enrolled in the member's Medicaid state program prior to any claim benefits being processed.,03/01/2016,,
N768,Incomplete/invalid initial evaluation report.,03/01/2016,,
N769,A lateral diagnosis is required.,03/01/2016,,
N77,Missing/incomplete/invalid designated provider number.,01/01/2000,02/28/2003,Modified 2/28/03
N770,The adjustment request received from the provider has been processed. Your original claim has been adjusted based on the information received.,03/01/2016,,
N773,Drug supplied not obtained from specialty vendor.,07/01/2016,,
N775,Payment adjusted based on x-ray radiograph on film.,11/01/2016,,
N776,This service is not a covered Telehealth service.,11/01/2016,,
N777,Missing Assignment of Benefits Indicator.,11/01/2016,03/01/2017,Modified 3/1/2017
N778,Missing Primary Care Physician Information.,11/01/2016,,
N779,Replacement/Void claims cannot be submitted until the original claim has finalized. Please resubmit once payment or denial is received.,11/01/2016,,
N78,The necessary components of the child and teen checkup (EPSDT) were not completed.,01/01/2000,,
N780,Missing/incomplete/invalid end therapy date.,11/01/2016,,
N784,Missing comprehensive procedure code.,11/01/2016,,
N785,Missing current radiology film/images.,11/01/2016,,
N786,Benefit limitation for the orthodontic active and/or retention phase of treatment.,11/01/2016,,
N789,Clinical Trial is not a covered benefit.,07/01/2017,,
N79,Service billed is not compatible with patient location information.,01/01/2000,,
N790,Provider/supplier not accredited for product/service.,07/01/2017,,
N791,Missing history,07/01/2017,,
N792,Incomplete/invalid history,07/01/2017,,
N794,Payment adjusted based on type of technology used.,07/01/2017,,
N795,Item must be resubmitted as a purchase.,11/01/2017,,
N796,Missing/incomplete/invalid Hemoglobin (Hb or Hgb) value.,11/01/2017,,
N797,Missing/incomplete/invalid date qualifier.,11/01/2017,,
N798,Submit a void request for the original claim and resubmit a new claim.,11/01/2017,,
N799,"Submitted identifier must be an individual identifier, not group identifier.",11/01/2017,03/01/2018,Modified 3/1/2018
N8,Crossover claim denied by previous payer and complete claim data not forwarded. Resubmit this claim to this payer to provide adequate data for adjudication.,01/01/2000,,
N80,Missing/incomplete/invalid prenatal screening information.,01/01/2000,02/28/2003,Modified 2/28/03
N800,Only one service date is allowed per claim.,03/01/2018,,
N801,"Services performed in a Medicare participating or CAH facility under a self-insured tribal Group Health Plan, in accordance with Federal Regulation 42 CFR 136.",03/01/2018,,
N802,This claim/service is not payable under our service area. The claim must be filed to the Payer/Plan in whose service area the Rendering Physician is located.,03/01/2018,,
N803,Submission of the claim for the service rendered is the responsibility of the Contracted Medical Group or Hospital.,03/01/2018,,
N806,Payment is included in the Global transplant allowance.,07/01/2018,,
N807,Payment adjustment based on the Merit-based Incentive Payment System (MIPS).,07/01/2018,,
N808,Not covered for this provider type / provider specialty.,07/01/2018,,
N81,Procedure billed is not compatible with tooth surface code.,01/01/2000,,
N811,Missing Federal Sequestration Reduction from Prior Payer.,11/01/2018,,
N812,The start service date through end service date cannot span greater than 18 months.,11/01/2018,,
N815,Missing/Incomplete/Invalid NDC Unit Count,07/01/2019,,
N816,Missing/Incomplete/Invalid NDC Unit of Measure,07/01/2019,,
N818,Claims Dates of Service do not match Electronic Visit Verification System.,07/01/2019,,
N819,Patient not enrolled in Electronic Visit Verification System.,07/01/2019,,
N82,Provider must accept insurance payment as payment in full when a third party payer contract specifies full reimbursement.,01/01/2000,,
N820,Electronic Visit Verification System units do not meet requirements of visit.,07/01/2019,,
N821,Electronic Visit Verification System visit not found.,07/01/2019,,
N822,Missing procedure modifier(s).,07/01/2019,11/01/2019,
N823,Incomplete/Invalid procedure modifier(s).,07/01/2019,11/01/2019,
N824,Electronic Visit Verification (EVV) data must be submitted through EVV Vendor.,11/01/2019,,
N825,Early intervention guidelines were not met.,11/01/2019,,
N826,Patient did not meet the inclusion criteria for the Medicare Shared Savings Program.,11/01/2019,,
N827,Missing/Incomplete/Invalid Federal Information Processing Standard (FIPS) Code.,11/01/2019,,
N829,Missing/incomplete/invalid Diagnostics Exchange Z-Code Identifier.,03/01/2020,,
N83,No appeal rights. Adjudicative decision based on the provisions of a demonstration project.,01/01/2000,,
N831,You have not responded to requests to revalidate your provider/supplier enrollment information.,03/01/2020,,
N832,Duplicate occurrence code/occurrence span code.,07/01/2020,,
N833,Patient share of cost waived.,07/01/2020,,
N834,Jurisdiction exempt from sales and health tax charges.,11/01/2020,,
N835,Unrelated Service/procedure/treatment is reduced. The balance of this charge is the patient's responsibility.,11/01/2020,,
N836,Provider W9 or Payee Registration not on file.,11/01/2020,,
N839,The procedure code was added/changed because the level of service exceeds the compensable condition(s).,03/01/2021,,
N840,Worker's compensation claim filed with a different state.,03/01/2021,,
N843,Missing/incomplete/invalid Core-Based Statistical Area (CBSA) code.,03/01/2021,,
N844,"This claim, or a portion of this claim, was processed in accordance with the Nebraska Legislative LB997 July 24, 2020 - Out of Network Emergency Medical Care Act.",03/01/2021,,
N846,National Drug Code (NDC) supplied does not correspond to the HCPCs/CPT billed.,03/01/2021,,
N847,National Drug Code (NDC) billed is obsolete.,03/01/2021,,
N848,National Drug Code (NDC) billed cannot be associated with a product.,03/01/2021,,
N849,Missing Tooth Clause: Tooth missing prior to the member effective date.,03/01/2021,,
N850,Missing/incomplete/invalid narrative explaining/describing this service/treatment.,03/01/2021,,
N851,Payment reduced because services were furnished by a therapy assistant.,07/01/2021,,
N852,The pay-to and rendering provider tax identification numbers (TINs) do not match,07/01/2021,,
N853,The number of modalities performed per session exceeds our acceptable maximum.,07/01/2021,,
N855,"This coverage is subject to the exclusive jurisdiction of ERISA (1974), U.S.C. SEC 1001.",07/01/2021,,
N856,"This coverage is not subject to the exclusive jurisdiction of ERISA (1974), U.S.C. SEC 1001.",07/01/2021,,
N857,This claim has been adjusted/reversed. Refund any collected copayment to the member.,11/01/2021,,
N86,A failed trial of pelvic muscle exercise training is required in order for biofeedback training for the treatment of urinary incontinence to be covered.,01/01/2000,,
N87,Home use of biofeedback therapy is not covered.,01/01/2000,,
N880,Original claim closed due to changes in submitted data. Adjustment claim will be processed under a new claim number.,11/01/2022,,
N881,"Client Obligation, patient responsibility for Home",11/01/2022,,
N887,"Providers not participating in the Medicare Advantage Plan have the right to appeal if the plan has partially or fully denied payment or if the provider believes the plan has not paid the services at the expected Medicare reimbursable rate or type of level/service. Providers may file their appeal in writing within 60 calendar days after the date of the remittance advice. For the plan to review the appeal, the plan will need a completed signed Waiver of Liability Statement. To obtain a Waiver of Liability form, please contact your Medicare Advantage Plan.",07/01/2023,,
N890,Electronic Visit Verification Data Element Requirements were not met.,11/01/2023,,
N891,The maximum allowable payment for this service/procedure was paid by the primary insurance. No further payment due.,11/01/2023,,
N892,The claim does not meet the criteria for acceptable use of the Delay Reason Code.,11/01/2023,,
N893,Missing/incomplete/invalid child medical evaluation form/checklist.,03/01/2024,,
N895,Processed based on a negotiated fee schedule for a specialty drug program.,03/01/2024,,
N896,Missing/incomplete/invalid trauma activation sheet.,07/01/2024,,
N897,Missing/incomplete/invalid proof of member payment.,07/01/2024,,
N898,Missing/incomplete/invalid Resource Utilization Group(s) (RUG) code(s).,07/01/2024,,
N899,Missing Initial Evaluation Report.,07/01/2024,,
N9,Adjustment represents the estimated amount a previous payer may pay.,01/01/2000,11/18/2005,Modified 11/18/05
N90,Covered only when performed by the attending physician.,01/01/2000,,
N900,Missing Therapy Notes/Report.,07/01/2024,,
N901,Incomplete/Invalid Therapy Notes/Report.,07/01/2024,,
N902,Missing Health Risk Assessment (HRA).,07/01/2024,,
N903,Incomplete/Invalid Health Risk Assessment (HRA).,07/01/2024,,
N904,The transportation vendor is responsible for this claim.,07/01/2024,,
N905,"Our records show you have opted out of Medicare, agreeing with the patient not to bill Medicare for services/tests/supplies furnished. As result, we cannot pay this claim. The patient is not responsible for payment.",03/01/2025,,
N906,Service is not covered when patient is under age 45.,03/01/2025,,
N907,No refund because this claim has been identified as 340B-eligible with a ceiling price lower than the maximum fair price.,03/01/2025,,
N908,No refund because this drug has been prospectively purchased at the maximum fair price.,03/01/2025,,
N909,Refund amount has been calculated using a methodology that differs from the Standard Default Refund Amount calculation ((Wholesale Acquisition Cost minus Maximum Fair Price) times Quantity).,03/01/2025,,
N91,Services not included in the appeal review.,01/01/2000,,
N910,A refund cannot be provided for this claim at this time. Contact the manufacturer directly regarding your eligibility.,03/01/2025,,
N911,This claim cannot be reimbursed by the manufacturer until the Part D plan submits corrected prescription drug event data to CMS for maximum fair price validation.,03/01/2025,,
N912,Our records indicate that this beneficiary did not elect hospice.,07/01/2025,,
N913,More than one Electronic Visit Verification record exists for the date and time of this service.,07/01/2025,,
N914,This claim was priced and processed in accordance with California AB-72 Health care coverage.,07/01/2025,,
N915,Predetermination of services is not allowed under the member's plan.,07/01/2025,,
N916,"The third party will render payment to the provider, and they will reimburse you for covered services.",07/01/2025,,
N917,Alternative refund amount has been calculated because the maximum fair price is below the 340B ceiling price.,03/01/2026,,
N918,No refund because CMS excludes prescription drug event records when a compound code indicates it is for a compounded drug.,03/01/2026,,
N919,Family/member out-of-pocket maximum has been met.,03/01/2026,,
N92,This facility is not certified for digital mammography.,01/01/2000,,
N920,Payment to the provider has been placed on hold as a result of active contract (re)negotiation.,03/01/2026,,
N921,The time limit for filing a reconsideration or appeal has expired.,03/01/2026,,
N922,Missing primary care dentist information.,03/01/2026,,
N93,A separate claim must be submitted for each place of service. Services furnished at multiple sites may not be billed in the same claim.,01/01/2000,,
N94,Claim/Service denied because a more specific taxonomy code is required for adjudication.,01/01/2000,,
N95,This provider type/provider specialty may not bill this service.,07/31/2001,02/28/2003,Modified 2/28/03
N96,"Patient must be refractory to conventional therapy (documented behavioral, pharmacologic and/or surgical corrective therapy) and be an appropriate surgical candidate such that implantation with anesthesia can occur.",08/24/2001,,
N97,"Patients with stress incontinence, urinary obstruction, and specific neurologic diseases (e.g., diabetes with peripheral nerve involvement) which are associated with secondary manifestations of the above three indications are excluded.",08/24/2001,,
N98,"Patient must have had a successful test stimulation in order to support subsequent implantation. Before a patient is eligible for permanent implantation, he/she must demonstrate a 50 percent or greater improvement through test stimulation. Improvement is measured through voiding diaries.",08/24/2001,,
N99,Patient must be able to demonstrate adequate ability to record voiding diary data such that clinical results of the implant procedure can be properly evaluated.,08/24/2001,,
